block,trial_number,valid_trial,staircase_trial,motion_direction,quadrant,eccentricity,jitter_dva,flash_dva,flash_seconds,response,probe_offset_dva,staircase_identity,step_size_dva,staircase_direction,staircase_reversals
1,1,valid,0,petal,lower_left,outer,0,11,0.75,outer,0,lower_petal,1.5,NaN,0
1,2,valid,0,fugal,upper_right,outer,-1,10,1,outer,0,upper_fugal,1.5,NaN,0
1,3,valid,0,fugal,lower_left,outer,1,12,1.25,outer,0,lower_fugal,1.5,NaN,0
1,4,valid,1,fugal,upper_left,outer,0,11,0.75,outer,-1.5,upper_fugal,1.5,-1,0
1,5,valid,1,fugal,lower_left,inner,1,8,1.25,inner,-1.5,lower_fugal,1.5,-1,0
1,6,valid,2,fugal,upper_right,inner,1,8,1,inner,-3,upper_fugal,1.5,-1,0
1,7,valid,0,petal,upper_left,inner,1,8,1.25,outer,0,upper_petal,1.5,NaN,0
1,8,valid,0,uniform_control,upper_right,inner,0,7,0.75,outer,0,upper_control,1.5,NaN,0
1,NA,invalid,0,uniform_control,lower_left,outer,0,11,1.25,outer,0,lower_control,1.5,NaN,0
1,9,valid,0,uniform_control,lower_right,inner,0,7,1.25,outer,0,lower_control,1.5,NaN,0
1,10,valid,C,fugal,lower_left,inner,0,7,1,outer,5,catch_trial,1.5,1,1
1,11,valid,2,fugal,lower_right,inner,-1,6,0.75,outer,0,lower_fugal,1.5,1,1
1,12,valid,C,petal,lower_left,inner,0,7,1,inner,-5,catch_trial,1.5,-1,0
1,13,valid,1,petal,lower_right,inner,0,7,0.75,outer,-1.5,lower_petal,1.5,-1,0
1,14,valid,C,uniform_control,lower_right,outer,0,11,1,outer,5,catch_trial,1.5,-1,0
1,15,valid,C,fugal,upper_right,outer,0,11,1,outer,5,catch_trial,1.5,1,1
1,16,valid,1,petal,upper_right,inner,0,7,1,inner,-1.5,upper_petal,1.5,-1,0
1,17,valid,2,petal,lower_left,inner,1,8,1,outer,-3,lower_petal,1.5,-1,0
1,18,valid,3,petal,lower_right,outer,1,12,0.75,inner,-4.5,lower_petal,1.5,-1,0
1,19,valid,1,uniform_control,lower_right,outer,0,11,1,inner,-1.5,lower_control,1.5,-1,0
1,20,valid,2,petal,upper_left,outer,-1,10,1,outer,0,upper_petal,1.5,1,1
1,21,valid,3,fugal,lower_right,outer,1,12,0.75,inner,-1.5,lower_fugal,1.5,-1,2
1,22,valid,3,fugal,upper_left,inner,-1,6,0.75,inner,-1.5,upper_fugal,1.5,1,1
1,23,valid,3,petal,upper_right,outer,1,12,0.75,outer,-1.5,upper_petal,1.5,-1,2
1,24,valid,1,uniform_control,upper_left,inner,-1,6,1.25,inner,-1.5,upper_control,1.5,-1,0
1,NA,invalid,2,uniform_control,upper_left,outer,-1,10,1.25,outer,0,upper_control,1.5,1,1
1,25,valid,2,uniform_control,upper_right,outer,-1,10,1.25,outer,0,upper_control,1.5,1,1
1,26,valid,C,petal,upper_right,outer,0,11,1,inner,-5,catch_trial,1.5,-1,2
1,27,valid,2,uniform_control,lower_left,inner,0,7,0.75,outer,0,lower_control,1.5,1,1
1,28,valid,C,uniform_control,upper_left,inner,0,7,1,inner,-5,catch_trial,1.5,-1,2
1,29,valid,3,uniform_control,lower_left,outer,0,11,1.25,inner,-1.5,lower_control,1.5,-1,2
1,30,valid,3,uniform_control,upper_left,outer,-1,10,1.25,outer,-1.5,upper_control,1.5,-1,2
2,31,valid,4,uniform_control,lower_left,inner,0,7,0.75,outer,0,lower_control,1.5,1,3
2,32,valid,4,petal,lower_right,outer,-1,10,1,outer,-3,lower_petal,1.5,1,1
2,NA,invalid,4,uniform_control,upper_right,inner,0,7,1.25,inner,-3,upper_control,1.5,-1,2
2,33,valid,4,uniform_control,upper_left,outer,1,12,1,inner,-3,upper_control,1.5,-1,2
2,34,valid,4,fugal,upper_left,inner,-1,6,1,outer,0,upper_fugal,1.5,1,1
2,35,valid,4,fugal,lower_left,inner,1,8,0.75,outer,0,lower_fugal,1.5,1,3
2,36,valid,4,petal,upper_left,inner,-1,6,1.25,inner,-3,upper_petal,1.5,-1,2
2,37,valid,5,uniform_control,upper_right,outer,0,11,1,inner,-1.5,upper_control,1.5,1,3
2,38,valid,C,fugal,upper_left,outer,0,11,1,inner,-5,catch_trial,1.5,-1,2
2,39,valid,5,petal,lower_left,outer,-1,10,1,inner,-4.5,lower_petal,1.5,-1,2
2,40,valid,C,uniform_control,lower_left,outer,0,11,1,outer,5,catch_trial,1,-1,4
2,41,valid,5,fugal,upper_right,inner,-1,6,1.25,inner,-1.5,upper_fugal,1.5,-1,2
2,42,valid,5,fugal,lower_right,outer,-1,10,0.75,inner,-1,lower_fugal,1,-1,4
2,43,valid,C,uniform_control,upper_right,inner,0,7,1,outer,5,catch_trial,1.5,1,3
2,44,valid,5,petal,upper_left,outer,-1,10,1,outer,-1.5,upper_petal,1.5,1,3
2,45,valid,6,uniform_control,upper_left,inner,1,8,1,outer,0,upper_control,1.5,1,3
2,46,valid,6,petal,lower_left,inner,-1,6,0.75,outer,-3,lower_petal,1.5,1,3
2,47,valid,6,fugal,upper_left,outer,0,11,1.25,outer,0,upper_fugal,1.5,1,3
2,48,valid,6,fugal,lower_right,inner,1,8,1,inner,0,lower_fugal,1,1,5
2,49,valid,5,uniform_control,lower_left,outer,-1,10,1,inner,-1,lower_control,1,-1,4
2,50,valid,C,petal,lower_right,inner,0,7,1,outer,5,catch_trial,1,-1,4
2,51,valid,C,fugal,lower_right,inner,0,7,1,outer,5,catch_trial,1,1,5
2,52,valid,6,petal,upper_right,outer,0,11,1.25,inner,-2.5,upper_petal,1,-1,4
2,53,valid,6,uniform_control,lower_right,outer,-1,10,0.75,outer,0,lower_control,1,1,5
2,54,valid,7,petal,upper_right,inner,1,8,1,outer,-1.5,upper_petal,1,1,5
2,55,valid,7,fugal,lower_left,outer,-1,10,1,outer,1,lower_fugal,1,1,5
2,56,valid,7,petal,lower_right,inner,1,8,1.25,inner,-4,lower_petal,1,-1,4
2,57,valid,C,petal,upper_left,outer,0,11,1,outer,-5,catch_trial,0.666666666666667,-1,6
2,58,valid,7,uniform_control,lower_right,inner,0,7,1.25,outer,-0.666666666666667,lower_control,0.666666666666667,-1,6
2,59,valid,7,fugal,upper_right,outer,0,11,0.75,outer,-1,upper_fugal,1,-1,4
2,60,valid,7,uniform_control,upper_right,inner,0,7,1.25,outer,-1,upper_control,1,-1,4
3,61,valid,8,uniform_control,lower_left,inner,-1,6,1.25,outer,-1.33333333333333,lower_control,0.666666666666667,-1,6
3,62,valid,8,petal,upper_right,outer,1,12,1.25,outer,-2.16666666666667,upper_petal,0.666666666666667,-1,6
3,63,valid,C,uniform_control,lower_right,outer,0,11,1,outer,5,catch_trial,0.666666666666667,-1,6
3,64,valid,8,petal,lower_left,outer,1,12,1,outer,-3,lower_petal,1,1,5
3,NA,invalid,8,fugal,lower_right,inner,-1,6,1.25,outer,0.333333333333333,lower_fugal,0.666666666666667,-1,6
3,65,valid,8,fugal,upper_left,inner,1,8,0.75,outer,-2,upper_fugal,1,-1,4
3,66,valid,9,petal,upper_left,inner,0,7,0.75,inner,-2.83333333333333,upper_petal,0.666666666666667,-1,6
3,67,valid,9,uniform_control,lower_right,inner,-1,6,1,outer,-2,lower_control,0.666666666666667,-1,6
3,68,valid,10,uniform_control,lower_right,outer,0,11,1.25,inner,-2.66666666666667,lower_control,0.666666666666667,-1,6
3,69,valid,8,uniform_control,upper_right,outer,1,12,0.75,outer,-2,upper_control,1,-1,4
3,70,valid,11,uniform_control,lower_left,outer,-1,10,0.75,inner,-2,lower_control,0.666666666666667,1,7
3,71,valid,8,fugal,lower_left,outer,0,11,1,outer,0.333333333333333,lower_fugal,0.666666666666667,-1,6
3,72,valid,9,uniform_control,upper_left,inner,0,7,1.25,outer,-3,upper_control,1,-1,4
3,73,valid,10,petal,upper_right,inner,-1,6,0.75,outer,-2.16666666666667,upper_petal,0.666666666666667,1,7
3,74,valid,C,fugal,upper_right,outer,0,11,1,inner,-5,catch_trial,1,-1,4
3,75,valid,C,uniform_control,upper_left,inner,0,7,1,inner,-5,catch_trial,1,-1,4
3,NA,invalid,10,uniform_control,upper_right,inner,1,8,0.75,outer,-4,upper_control,1,-1,4
3,76,valid,C,petal,upper_right,outer,0,11,1,outer,5,catch_trial,0.444444444444444,-1,8
3,77,valid,9,fugal,upper_right,outer,1,12,1.25,inner,-3,upper_fugal,1,-1,4
3,78,valid,9,fugal,lower_right,outer,0,11,1,outer,-0.333333333333333,lower_fugal,0.666666666666667,-1,6
3,79,valid,10,fugal,upper_left,outer,0,11,1.25,inner,-2,upper_fugal,1,1,5
3,80,valid,9,petal,lower_right,inner,1,8,0.75,inner,-3.66666666666667,lower_petal,0.666666666666667,-1,6
3,NA,invalid,11,fugal,upper_right,inner,0,7,1.25,outer,-1,upper_fugal,1,1,5
3,81,valid,10,petal,lower_right,outer,-1,10,0.75,outer,-3,lower_petal,0.666666666666667,1,7
3,82,valid,11,petal,lower_left,inner,1,8,1.25,inner,-3.44444444444444,lower_petal,0.444444444444444,-1,8
3,83,valid,C,petal,lower_left,inner,0,7,1,inner,-5,catch_trial,0.444444444444444,1,9
3,84,valid,C,fugal,lower_left,inner,0,7,1,inner,-5,catch_trial,0.666666666666667,-1,6
3,85,valid,10,uniform_control,upper_left,outer,-1,10,1,outer,-4,upper_control,1,-1,4
3,86,valid,10,fugal,lower_left,inner,1,8,1.25,outer,-1,lower_fugal,0.666666666666667,-1,6
3,87,valid,11,petal,upper_left,outer,-1,10,1,inner,-2.61111111111111,upper_petal,0.444444444444444,-1,8
3,88,valid,11,fugal,lower_right,inner,-1,6,1.25,inner,-1.66666666666667,lower_fugal,0.666666666666667,-1,6
3,89,valid,11,uniform_control,upper_right,inner,1,8,0.75,inner,-5,upper_control,1,-1,4
3,90,valid,11,fugal,upper_right,inner,0,7,1.25,outer,-1,upper_fugal,1,1,5
4,91,valid,C,fugal,lower_right,inner,0,7,1,outer,5,catch_trial,0.666666666666667,1,7
4,92,valid,12,petal,upper_left,outer,-1,10,0.75,outer,-2.16666666666667,upper_petal,0.444444444444444,1,9
4,93,valid,12,fugal,upper_left,inner,1,8,1.25,inner,-1.66666666666667,upper_fugal,0.666666666666667,-1,6
4,94,valid,12,uniform_control,upper_left,outer,0,11,1,inner,-4,upper_control,1,1,5
4,95,valid,12,petal,lower_right,inner,1,8,1.25,inner,-3,lower_petal,0.444444444444444,1,9
4,96,valid,C,petal,lower_right,inner,0,7,1,outer,5,catch_trial,0.444444444444444,1,9
4,97,valid,C,petal,upper_left,outer,0,11,1,outer,5,catch_trial,0.296296296296296,-1,10
4,NA,invalid,12,uniform_control,lower_right,outer,0,11,1,inner,-1.33333333333333,lower_control,0.666666666666667,1,7
4,98,valid,13,petal,upper_right,outer,0,11,1,outer,-2.46296296296296,upper_petal,0.296296296296296,-1,10
4,99,valid,13,uniform_control,upper_left,inner,1,8,1,outer,-3,upper_control,1,1,5
4,NA,invalid,12,uniform_control,lower_right,inner,1,8,1,outer,-1.33333333333333,lower_control,0.666666666666667,1,7
4,100,valid,13,fugal,upper_left,outer,1,12,0.75,outer,-1,upper_fugal,0.666666666666667,1,7
4,101,valid,14,petal,upper_left,inner,0,7,0.75,inner,-2.75925925925926,upper_petal,0.296296296296296,-1,10
4,102,valid,12,fugal,lower_right,outer,-1,10,1.25,outer,-1,lower_fugal,0.666666666666667,1,7
4,103,valid,14,fugal,upper_right,outer,-1,10,1.25,inner,-1.44444444444444,upper_fugal,0.444444444444444,-1,8
4,104,valid,12,uniform_control,lower_left,outer,1,12,0.75,outer,-1.33333333333333,lower_control,0.666666666666667,1,7
4,105,valid,C,fugal,upper_left,outer,0,11,1,outer,5,catch_trial,0.444444444444444,1,9
4,106,valid,13,fugal,lower_left,outer,0,11,1,inner,-1.44444444444444,lower_fugal,0.444444444444444,-1,8
4,107,valid,13,petal,lower_left,outer,0,11,0.75,inner,-2.55555555555556,lower_petal,0.444444444444444,1,9
4,108,valid,13,uniform_control,lower_left,inner,1,8,1,outer,-1.77777777777778,lower_control,0.444444444444444,-1,8
4,109,valid,C,uniform_control,upper_right,inner,0,7,1,outer,5,catch_trial,0.666666666666667,-1,6
4,110,valid,15,fugal,upper_right,inner,1,8,0.75,inner,-1,upper_fugal,0.444444444444444,1,9
4,NA,invalid,14,uniform_control,upper_right,inner,-1,6,1,inner,-3.66666666666667,upper_control,0.666666666666667,-1,6
4,111,valid,14,fugal,lower_left,inner,0,7,0.75,outer,-1,lower_fugal,0.444444444444444,1,9
4,112,valid,C,uniform_control,lower_left,outer,0,11,1,outer,5,catch_trial,0.444444444444444,-1,8
4,113,valid,15,fugal,lower_right,inner,0,7,1.25,inner,-1.2962962962963,lower_fugal,0.296296296296296,-1,10
4,114,valid,14,petal,lower_left,inner,0,7,1.25,inner,-2.11111111111111,lower_petal,0.444444444444444,1,9
4,115,valid,15,petal,upper_right,inner,-1,6,1,outer,-2.46296296296296,upper_petal,0.296296296296296,1,11
4,116,valid,14,uniform_control,upper_right,outer,0,11,0.75,inner,-3.66666666666667,upper_control,0.666666666666667,-1,6
4,117,valid,15,petal,lower_right,outer,-1,10,1.25,inner,-1.66666666666667,lower_petal,0.444444444444444,1,9
4,118,valid,14,uniform_control,lower_right,outer,0,11,1,inner,-2.22222222222222,lower_control,0.444444444444444,-1,8
4,119,valid,15,uniform_control,lower_right,inner,1,8,1,inner,-1.77777777777778,lower_control,0.444444444444444,1,9
4,120,valid,15,uniform_control,upper_right,inner,-1,6,1,inner,-3,upper_control,0.666666666666667,1,7
5,121,valid,16,petal,upper_left,inner,-1,6,1,inner,-2.66296296296296,upper_petal,0.2,-1,12
5,122,valid,16,uniform_control,upper_left,outer,1,12,0.75,inner,-2.33333333333333,upper_control,0.666666666666667,1,7
5,123,valid,16,fugal,lower_right,inner,0,7,1,outer,-1,lower_fugal,0.296296296296296,1,11
5,124,valid,C,petal,lower_left,inner,0,7,1,outer,5,catch_trial,0.444444444444444,1,9
5,NA,invalid,16,uniform_control,lower_left,outer,-1,10,1.25,outer,-1.33333333333333,lower_control,0.444444444444444,1,9
5,125,valid,17,uniform_control,upper_right,outer,0,11,1.25,outer,-1.66666666666667,upper_control,0.666666666666667,1,7
5,NA,invalid,17,petal,upper_right,outer,-1,10,1,outer,-2.46296296296296,upper_petal,0.2,1,13
5,126,valid,18,uniform_control,upper_right,inner,0,7,1,outer,-2.11111111111111,upper_control,0.444444444444444,-1,8
5,127,valid,C,uniform_control,upper_left,inner,0,7,1,outer,5,catch_trial,0.444444444444444,-1,8
5,128,valid,16,uniform_control,lower_left,inner,1,8,1,inner,-1.33333333333333,lower_control,0.444444444444444,1,9
5,129,valid,C,fugal,upper_right,outer,0,11,1,outer,5,catch_trial,0.444444444444444,1,9
5,130,valid,16,fugal,upper_left,inner,0,7,1,outer,-0.555555555555555,upper_fugal,0.444444444444444,1,9
5,131,valid,16,petal,lower_left,inner,0,7,1,inner,-1.22222222222222,lower_petal,0.444444444444444,1,9
5,132,valid,17,uniform_control,lower_right,inner,0,7,1,outer,-0.888888888888889,lower_control,0.444444444444444,1,9
5,133,valid,C,fugal,lower_left,inner,0,7,1,inner,-5,catch_trial,0.2,-1,12
5,134,valid,17,fugal,lower_left,outer,1,12,0.75,inner,-1.2,lower_fugal,0.2,-1,12
5,135,valid,17,fugal,upper_right,inner,-1,6,0.75,outer,-0.851851851851852,upper_fugal,0.296296296296296,-1,10
5,NA,invalid,17,petal,lower_right,inner,-1,6,1,outer,-0.777777777777777,lower_petal,0.444444444444444,1,9
5,136,valid,17,petal,upper_left,outer,1,12,1.25,outer,-2.46296296296296,upper_petal,0.2,1,13
5,137,valid,18,uniform_control,lower_right,outer,0,11,1.25,inner,-1.18518518518519,lower_control,0.296296296296296,-1,10
5,138,valid,17,petal,lower_right,outer,1,12,1,outer,-0.777777777777777,lower_petal,0.444444444444444,1,9
5,139,valid,18,fugal,lower_left,inner,0,7,0.75,inner,-1,lower_fugal,0.2,1,13
5,140,valid,19,fugal,lower_right,outer,1,12,1,outer,-0.8,lower_fugal,0.2,1,13
5,141,valid,C,petal,upper_right,outer,0,11,1,outer,5,catch_trial,0.2,-1,14
5,142,valid,18,fugal,upper_left,outer,-1,10,0.75,inner,-1.14814814814815,upper_fugal,0.296296296296296,-1,10
5,NA,invalid,18,petal,lower_left,outer,0,11,1.25,inner,-1.07407407407407,lower_petal,0.296296296296296,-1,10
5,143,valid,19,fugal,upper_right,outer,1,12,1,outer,-0.851851851851852,upper_fugal,0.296296296296296,1,11
5,144,valid,19,uniform_control,upper_left,inner,1,8,0.75,inner,-2.55555555555556,upper_control,0.444444444444444,-1,8
5,145,valid,18,petal,upper_right,inner,0,7,0.75,inner,-2.66296296296296,upper_petal,0.2,-1,14
5,146,valid,C,uniform_control,lower_right,outer,0,11,1,inner,-5,catch_trial,0.296296296296296,1,11
5,NA,invalid,19,uniform_control,lower_left,outer,-1,10,1.25,outer,-0.888888888888889,lower_control,0.296296296296296,1,11
5,147,valid,19,petal,upper_right,outer,-1,10,1,outer,-2.46296296296296,upper_petal,0.2,1,15
5,148,valid,18,petal,lower_right,inner,-1,6,1,outer,-1.07407407407407,lower_petal,0.296296296296296,-1,10
5,149,valid,19,petal,lower_left,outer,0,11,1.25,inner,-1.37037037037037,lower_petal,0.296296296296296,-1,10
5,150,valid,19,uniform_control,lower_left,outer,-1,10,1.25,inner,-0.888888888888889,lower_control,0.296296296296296,1,11
6,151,valid,20,petal,lower_left,outer,-1,10,0.75,outer,-1.07407407407407,lower_petal,0.296296296296296,1,11
6,152,valid,C,uniform_control,upper_right,inner,0,7,1,inner,-5,catch_trial,0.444444444444444,1,9
6,153,valid,20,petal,upper_left,outer,-1,10,1.25,inner,-2.66296296296296,upper_petal,0.2,-1,16
6,154,valid,C,petal,lower_right,inner,0,7,1,inner,-5,catch_trial,0.2,-1,12
6,155,valid,C,petal,upper_left,outer,0,11,1,outer,5,catch_trial,0.2,1,17
6,156,valid,20,fugal,upper_right,outer,0,11,0.75,inner,-1.05185185185185,upper_fugal,0.2,-1,12
6,157,valid,20,uniform_control,lower_right,inner,1,8,0.75,outer,-0.592592592592593,lower_control,0.296296296296296,1,11
6,158,valid,20,uniform_control,upper_left,inner,1,8,1,outer,-2.11111111111111,upper_control,0.444444444444444,1,9
6,159,valid,21,petal,upper_right,inner,0,7,1,inner,-2.46296296296296,upper_petal,0.2,1,17
6,160,valid,C,fugal,upper_left,outer,0,11,1,inner,-5,catch_trial,0.2,1,13
6,161,valid,20,fugal,lower_right,inner,-1,6,1.25,outer,-1,lower_fugal,0.2,-1,14
6,162,valid,C,uniform_control,lower_left,outer,0,11,1,outer,5,catch_trial,0.2,-1,12
6,163,valid,21,uniform_control,lower_left,inner,1,8,0.75,inner,-0.792592592592593,lower_control,0.2,-1,12
6,164,valid,22,petal,upper_right,outer,0,11,0.75,inner,-2.26296296296296,upper_petal,0.2,1,17
6,165,valid,21,uniform_control,upper_left,outer,1,12,1,inner,-2.40740740740741,upper_control,0.296296296296296,-1,10
6,166,valid,22,uniform_control,lower_right,outer,1,12,1.25,outer,-0.592592592592593,lower_control,0.2,1,13
6,167,valid,21,fugal,upper_right,inner,0,7,1,inner,-0.851851851851852,upper_fugal,0.2,1,13
6,168,valid,23,petal,upper_left,inner,0,7,1,outer,-2.06296296296296,upper_petal,0.2,1,17
6,169,valid,21,petal,lower_right,outer,-1,10,1.25,outer,-1.27407407407407,lower_petal,0.2,-1,12
6,NA,invalid,22,uniform_control,upper_right,outer,0,11,1,inner,-2.11111111111111,upper_control,0.296296296296296,1,11
6,170,valid,C,fugal,lower_right,inner,0,7,1,outer,5,catch_trial,0.2,-1,14
6,171,valid,23,uniform_control,lower_left,outer,-1,10,1.25,outer,-0.792592592592593,lower_control,0.2,-1,14
6,172,valid,22,fugal,upper_left,outer,0,11,1,outer,-0.651851851851852,upper_fugal,0.2,1,13
6,173,valid,21,fugal,lower_right,outer,0,11,1.25,outer,-1.2,lower_fugal,0.2,-1,14
6,174,valid,22,fugal,lower_left,outer,-1,10,1,inner,-1.4,lower_fugal,0.2,-1,14
6,175,valid,22,petal,lower_left,inner,0,7,1.25,outer,-1.47407407407407,lower_petal,0.2,-1,12
6,176,valid,23,fugal,upper_left,inner,0,7,1,outer,-0.851851851851852,upper_fugal,0.2,-1,14
6,NA,invalid,22,uniform_control,upper_right,inner,0,7,1.25,inner,-2.11111111111111,upper_control,0.296296296296296,1,11
6,177,valid,23,fugal,lower_left,inner,1,8,1,outer,-1.2,lower_fugal,0.2,1,15
6,178,valid,23,petal,lower_right,inner,0,7,0.75,outer,-1.67407407407407,lower_petal,0.2,-1,12
6,179,valid,22,uniform_control,upper_right,outer,0,11,1,inner,-2.11111111111111,upper_control,0.296296296296296,1,11
6,NA,invalid,23,uniform_control,upper_right,inner,0,7,1.25,outer,-1.81481481481482,upper_control,0.296296296296296,1,11
6,180,valid,23,uniform_control,upper_right,inner,0,7,1.25,outer,-1.81481481481482,upper_control,0.296296296296296,1,11
7,181,valid,C,petal,lower_left,inner,0,7,1,inner,-5,catch_trial,0.2,-1,12
7,182,valid,24,fugal,lower_left,inner,-1,6,1,inner,-1.4,lower_fugal,0.2,-1,16
7,183,valid,24,uniform_control,upper_left,inner,0,7,1.25,inner,-2.01481481481482,upper_control,0.2,-1,12
7,184,valid,25,fugal,lower_left,outer,1,12,0.75,inner,-1.2,lower_fugal,0.2,1,17
7,185,valid,26,fugal,lower_right,inner,-1,6,1,inner,-1,lower_fugal,0.2,1,17
7,186,valid,25,uniform_control,upper_right,inner,-1,6,1,inner,-1.81481481481482,upper_control,0.2,1,13
7,NA,invalid,24,uniform_control,lower_right,outer,-1,10,1.25,inner,-0.992592592592593,lower_control,0.2,-1,14
7,187,valid,24,petal,upper_left,inner,-1,6,0.75,outer,-2.26296296296296,upper_petal,0.2,-1,18
7,188,valid,C,fugal,upper_right,outer,0,11,1,outer,5,catch_trial,0.2,-1,14
7,189,valid,27,fugal,lower_right,outer,0,11,0.75,outer,-0.8,lower_fugal,0.2,1,17
7,190,valid,26,uniform_control,upper_right,outer,-1,10,1,outer,-1.61481481481482,upper_control,0.2,1,13
7,191,valid,24,uniform_control,lower_right,inner,1,8,1.25,outer,-0.992592592592593,lower_control,0.2,-1,14
7,192,valid,24,fugal,upper_right,inner,1,8,0.75,outer,-1.05185185185185,upper_fugal,0.2,-1,14
7,193,valid,C,uniform_control,lower_right,outer,0,11,1,inner,-5,catch_trial,0.2,-1,14
7,194,valid,24,petal,lower_right,inner,1,8,0.75,outer,-1.87407407407407,lower_petal,0.2,-1,12
7,195,valid,25,fugal,upper_right,outer,0,11,0.75,inner,-1.25185185185185,upper_fugal,0.2,-1,14
7,196,valid,C,uniform_control,upper_left,inner,0,7,1,inner,-5,catch_trial,0.2,-1,14
7,197,valid,26,fugal,upper_left,inner,0,7,1.25,outer,-1.05185185185185,upper_fugal,0.2,1,15
7,198,valid,25,petal,lower_right,outer,0,11,1,outer,-2.07407407407407,lower_petal,0.2,-1,12
7,199,valid,27,fugal,upper_left,outer,1,12,0.75,outer,-1.25185185185185,upper_fugal,0.2,-1,16
7,200,valid,25,petal,upper_right,inner,1,8,0.75,inner,-2.46296296296296,upper_petal,0.2,-1,18
7,NA,invalid,26,petal,upper_right,outer,0,11,1.25,outer,-2.26296296296296,upper_petal,0.2,1,19
7,201,valid,C,fugal,lower_left,inner,0,7,1,inner,-5,catch_trial,0.2,-1,18
7,202,valid,25,uniform_control,lower_left,inner,1,8,1.25,outer,-1.19259259259259,lower_control,0.2,-1,14
7,203,valid,C,petal,upper_right,outer,0,11,1,inner,-5,catch_trial,0.2,1,19
7,204,valid,26,petal,upper_left,outer,0,11,0.75,outer,-2.26296296296296,upper_petal,0.2,1,19
7,205,valid,26,petal,lower_left,outer,-1,10,1,outer,-2.27407407407407,lower_petal,0.2,-1,12
7,206,valid,26,uniform_control,lower_left,outer,-1,10,1.25,inner,-1.39259259259259,lower_control,0.2,-1,14
7,207,valid,27,uniform_control,upper_left,outer,0,11,1.25,outer,-1.81481481481482,upper_control,0.2,-1,14
7,208,valid,27,petal,lower_left,inner,1,8,0.75,outer,-2.47407407407407,lower_petal,0.2,-1,12
7,209,valid,27,uniform_control,lower_right,outer,-1,10,1.25,inner,-1.19259259259259,lower_control,0.2,1,15
7,210,valid,27,petal,upper_right,outer,0,11,1.25,inner,-2.46296296296296,upper_petal,0.2,-1,20
8,NA,invalid,28,petal,lower_right,outer,0,11,1.25,outer,-2.67407407407407,lower_petal,0.2,-1,12
8,211,valid,28,fugal,upper_left,outer,0,11,1.25,inner,-1.45185185185185,upper_fugal,0.2,-1,16
8,NA,invalid,29,fugal,upper_left,inner,1,8,0.75,inner,-1.25185185185185,upper_fugal,0.2,1,17
8,212,valid,C,petal,upper_left,outer,0,11,1,outer,5,catch_trial,0.2,1,21
8,213,valid,28,fugal,lower_left,inner,1,8,0.75,inner,-1,lower_fugal,0.2,-1,18
8,214,valid,C,fugal,upper_left,outer,0,11,1,inner,-5,catch_trial,0.2,1,17
8,215,valid,28,petal,upper_right,inner,0,7,1.25,outer,-2.26296296296296,upper_petal,0.2,1,21
8,216,valid,29,fugal,lower_right,outer,1,12,0.75,outer,-0.8,lower_fugal,0.2,1,19
8,NA,invalid,29,petal,upper_left,outer,1,12,1,outer,-2.46296296296296,upper_petal,0.2,-1,22
8,217,valid,C,uniform_control,upper_right,inner,0,7,1,outer,5,catch_trial,0.2,-1,14
8,218,valid,28,uniform_control,lower_left,outer,0,11,1.25,inner,-0.992592592592593,lower_control,0.2,1,15
8,219,valid,28,uniform_control,upper_right,outer,1,12,1.25,inner,-2.01481481481482,upper_control,0.2,-1,14
8,220,valid,29,uniform_control,upper_left,outer,-1,10,1.25,inner,-1.81481481481482,upper_control,0.2,1,15
8,221,valid,29,petal,upper_left,inner,1,8,0.75,outer,-2.46296296296296,upper_petal,0.2,-1,22
8,222,valid,28,petal,lower_right,inner,-1,6,1,outer,-2.67407407407407,lower_petal,0.2,-1,12
8,223,valid,C,fugal,lower_right,inner,0,7,1,inner,-5,catch_trial,0.2,-1,20
8,224,valid,30,uniform_control,upper_left,inner,1,8,1,outer,-1.61481481481482,upper_control,0.2,1,15
8,225,valid,29,fugal,upper_right,inner,1,8,1,inner,-1.25185185185185,upper_fugal,0.2,1,17
8,226,valid,29,petal,lower_left,inner,0,7,1,outer,-2.87407407407407,lower_petal,0.2,-1,12
8,227,valid,C,uniform_control,lower_left,outer,0,11,1,inner,-5,catch_trial,0.2,1,15
8,228,valid,30,fugal,upper_right,outer,1,12,0.75,outer,-1.05185185185185,upper_fugal,0.2,1,17
8,NA,invalid,30,petal,lower_left,outer,1,12,1.25,inner,-3.07407407407407,lower_petal,0.2,-1,12
8,229,valid,30,fugal,lower_right,inner,-1,6,0.75,outer,-1,lower_fugal,0.2,-1,20
8,230,valid,29,uniform_control,lower_left,inner,1,8,0.75,outer,-0.792592592592593,lower_control,0.2,1,15
8,231,valid,30,uniform_control,lower_right,outer,-1,10,0.75,outer,-0.992592592592593,lower_control,0.2,-1,16
8,NA,invalid,31,uniform_control,lower_right,inner,-1,6,1,outer,-1.19259259259259,lower_control,0.2,-1,16
8,232,valid,30,petal,upper_right,outer,0,11,0.75,outer,-2.66296296296296,upper_petal,0.2,-1,22
8,233,valid,31,fugal,lower_left,outer,0,11,1,inner,-1.2,lower_fugal,0.2,-1,20
8,234,valid,C,petal,lower_right,inner,0,7,1,inner,-5,catch_trial,0.2,-1,12
8,235,valid,31,uniform_control,upper_right,inner,0,7,1,outer,-1.81481481481482,upper_control,0.2,-1,16
8,236,valid,30,petal,lower_right,outer,0,11,1.25,outer,-3.07407407407407,lower_petal,0.2,-1,12
8,237,valid,31,fugal,upper_left,inner,1,8,0.75,outer,-1.25185185185185,upper_fugal,0.2,-1,18
8,238,valid,31,petal,upper_left,outer,1,12,1,outer,-2.86296296296296,upper_petal,0.2,-1,22
8,239,valid,31,petal,lower_left,outer,1,12,1.25,inner,-3.27407407407407,lower_petal,0.2,-1,12
8,240,valid,31,uniform_control,lower_right,inner,-1,6,1,outer,-1.19259259259259,lower_control,0.2,-1,16
9,241,valid,32,petal,lower_right,inner,0,7,1,inner,-3.07407407407407,lower_petal,0.2,1,13
9,242,valid,32,fugal,lower_right,outer,-1,10,1,inner,-1,lower_fugal,0.2,1,21
9,243,valid,C,uniform_control,upper_left,inner,0,7,1,inner,-5,catch_trial,0.2,-1,16
9,244,valid,33,petal,lower_left,outer,-1,10,0.75,inner,-2.87407407407407,lower_petal,0.2,1,13
9,245,valid,32,uniform_control,upper_right,outer,1,12,0.75,inner,-2.01481481481482,upper_control,0.2,-1,16
9,NA,invalid,32,fugal,upper_left,inner,-1,6,1,inner,-1.45185185185185,upper_fugal,0.2,-1,18
9,246,valid,33,uniform_control,upper_left,outer,-1,10,1,inner,-1.81481481481482,upper_control,0.2,1,17
9,247,valid,32,uniform_control,lower_right,inner,-1,6,1.25,outer,-1.39259259259259,lower_control,0.2,-1,16
9,248,valid,C,petal,lower_left,inner,0,7,1,inner,-5,catch_trial,0.2,1,13
9,NA,invalid,33,uniform_control,lower_right,outer,0,11,1,inner,-1.59259259259259,lower_control,0.2,-1,16
9,249,valid,32,fugal,upper_right,outer,-1,10,1,outer,-1.45185185185185,upper_fugal,0.2,-1,18
9,250,valid,C,fugal,upper_right,outer,0,11,1,outer,5,catch_trial,0.2,-1,18
9,251,valid,34,petal,lower_right,outer,1,12,1,inner,-2.67407407407407,lower_petal,0.2,1,13
9,NA,invalid,33,fugal,upper_right,inner,0,7,1.25,inner,-1.65185185185185,upper_fugal,0.2,-1,18
9,252,valid,33,fugal,upper_left,outer,0,11,1.25,inner,-1.65185185185185,upper_fugal,0.2,-1,18
9,253,valid,34,uniform_control,upper_right,inner,0,7,0.75,outer,-1.61481481481482,upper_control,0.2,1,17
9,254,valid,C,petal,upper_right,outer,0,11,1,outer,-5,catch_trial,0.2,-1,22
9,255,valid,C,fugal,lower_left,inner,0,7,1,inner,-5,catch_trial,0.2,1,21
9,256,valid,33,uniform_control,lower_left,outer,-1,10,0.75,inner,-1.59259259259259,lower_control,0.2,-1,16
9,NA,invalid,32,petal,upper_right,outer,-1,10,1.25,inner,-3.06296296296296,upper_petal,0.2,-1,22
9,257,valid,34,uniform_control,lower_left,inner,-1,6,1,inner,-1.39259259259259,lower_control,0.2,1,17
9,258,valid,33,fugal,lower_left,inner,0,7,1.25,outer,-0.8,lower_fugal,0.2,1,21
9,259,valid,C,uniform_control,lower_right,outer,0,11,1,inner,-5,catch_trial,0.2,1,17
9,NA,invalid,32,petal,upper_right,inner,1,8,0.75,inner,-3.06296296296296,upper_petal,0.2,-1,22
9,260,valid,35,uniform_control,upper_left,inner,0,7,0.75,outer,-1.81481481481482,upper_control,0.2,-1,18
9,261,valid,32,petal,upper_left,inner,-1,6,1.25,inner,-3.06296296296296,upper_petal,0.2,-1,22
9,262,valid,34,fugal,lower_right,inner,1,8,1,outer,-1,lower_fugal,0.2,-1,22
9,263,valid,35,fugal,lower_left,outer,1,12,0.75,outer,-1.2,lower_fugal,0.2,-1,22
9,264,valid,35,petal,lower_left,inner,1,8,0.75,outer,-2.47407407407407,lower_petal,0.2,1,13
9,265,valid,33,petal,upper_left,outer,1,12,0.75,inner,-2.86296296296296,upper_petal,0.2,1,23
9,266,valid,34,fugal,upper_left,inner,-1,6,1,inner,-1.45185185185185,upper_fugal,0.2,1,19
9,NA,invalid,35,uniform_control,lower_right,outer,0,11,1,outer,-1.19259259259259,lower_control,0.2,1,17
9,NA,invalid,35,fugal,upper_right,inner,0,7,1.25,inner,-1.25185185185185,upper_fugal,0.2,1,19
9,267,valid,34,petal,upper_right,outer,-1,10,1.25,outer,-2.66296296296296,upper_petal,0.2,1,23
9,NA,invalid,35,petal,upper_right,inner,1,8,0.75,inner,-2.86296296296296,upper_petal,0.2,-1,24
9,NA,invalid,35,uniform_control,lower_right,outer,0,11,1,outer,-1.19259259259259,lower_control,0.2,1,17
9,268,valid,35,fugal,upper_right,inner,0,7,1.25,inner,-1.25185185185185,upper_fugal,0.2,1,19
9,NA,invalid,35,petal,upper_right,inner,1,8,0.75,outer,-2.86296296296296,upper_petal,0.2,-1,24
9,269,valid,35,uniform_control,lower_right,outer,0,11,1,outer,-1.19259259259259,lower_control,0.2,1,17
9,NA,invalid,35,petal,upper_right,inner,1,8,0.75,inner,-2.86296296296296,upper_petal,0.2,-1,24
10,270,valid,36,petal,lower_left,inner,1,8,1.25,inner,-2.67407407407407,lower_petal,0.2,-1,14
10,271,valid,36,fugal,upper_left,inner,1,8,0.75,outer,-1.05185185185185,upper_fugal,0.2,1,19
10,272,valid,36,uniform_control,upper_right,outer,1,12,1.25,inner,-2.01481481481482,upper_control,0.2,-1,18
10,273,valid,C,fugal,upper_left,outer,0,11,1,outer,5,catch_trial,0.2,-1,20
10,274,valid,36,fugal,lower_right,outer,1,12,1.25,inner,-1.4,lower_fugal,0.2,-1,22
10,275,valid,36,uniform_control,lower_left,inner,1,8,1,outer,-1.39259259259259,lower_control,0.2,-1,18
10,276,valid,35,petal,upper_left,outer,0,11,1,outer,-2.86296296296296,upper_petal,0.2,-1,24
10,277,valid,C,petal,lower_right,inner,0,7,1,inner,-5,catch_trial,0.2,1,15
10,278,valid,C,uniform_control,upper_right,inner,0,7,1,inner,-5,catch_trial,0.2,1,19
10,279,valid,37,petal,lower_right,inner,0,7,1.25,outer,-2.47407407407407,lower_petal,0.2,1,15
10,280,valid,37,uniform_control,lower_right,inner,-1,6,0.75,outer,-1.59259259259259,lower_control,0.2,-1,18
10,281,valid,37,fugal,lower_right,inner,-1,6,0.75,inner,-1.2,lower_fugal,0.2,1,23
10,282,valid,36,petal,upper_right,inner,1,8,1,inner,-3.06296296296296,upper_petal,0.2,-1,24
10,283,valid,38,uniform_control,lower_right,outer,1,12,1,inner,-1.79259259259259,lower_control,0.2,-1,18
10,284,valid,37,fugal,upper_left,outer,-1,10,1.25,inner,-1.25185185185185,upper_fugal,0.2,-1,20
10,285,valid,38,fugal,upper_right,outer,-1,10,1,inner,-1.05185185185185,upper_fugal,0.2,1,21
10,286,valid,39,fugal,upper_right,inner,0,7,1,inner,-0.851851851851852,upper_fugal,0.2,1,21
10,287,valid,37,petal,upper_left,inner,0,7,1.25,inner,-2.86296296296296,upper_petal,0.2,1,25
10,288,valid,38,fugal,lower_left,outer,1,12,0.75,inner,-1,lower_fugal,0.2,1,23
10,289,valid,38,petal,upper_right,outer,0,11,1.25,inner,-2.66296296296296,upper_petal,0.2,1,25
10,290,valid,38,petal,lower_left,outer,0,11,1.25,inner,-2.67407407407407,lower_petal,0.2,-1,16
10,291,valid,C,uniform_control,lower_left,outer,0,11,1,outer,5,catch_trial,0.2,1,19
10,292,valid,39,fugal,lower_left,inner,0,7,0.75,inner,-0.8,lower_fugal,0.2,1,23
10,293,valid,C,fugal,lower_right,inner,0,7,1,outer,5,catch_trial,0.2,1,23
10,294,valid,37,uniform_control,upper_left,inner,-1,6,1.25,outer,-1.81481481481482,upper_control,0.2,1,19
10,295,valid,39,uniform_control,lower_left,outer,-1,10,1,inner,-1.59259259259259,lower_control,0.2,1,19
10,296,valid,39,petal,lower_right,outer,-1,10,1.25,inner,-2.47407407407407,lower_petal,0.2,1,17
10,297,valid,C,petal,upper_left,outer,0,11,1,outer,5,catch_trial,0.2,1,25
10,298,valid,38,uniform_control,upper_left,outer,1,12,0.75,outer,-2.01481481481482,upper_control,0.2,-1,20
10,NA,invalid,39,uniform_control,upper_right,inner,0,7,1.25,inner,-2.21481481481482,upper_control,0.2,-1,20
10,299,valid,39,uniform_control,upper_right,inner,0,7,1.25,inner,-2.21481481481482,upper_control,0.2,-1,20
11,300,valid,40,petal,lower_left,outer,0,11,1,outer,-2.27407407407407,lower_petal,0.2,1,17
11,301,valid,40,uniform_control,lower_left,inner,0,7,1.25,inner,-1.39259259259259,lower_control,0.2,1,19
11,302,valid,40,uniform_control,upper_right,outer,1,12,1,outer,-2.01481481481482,upper_control,0.2,1,21
11,303,valid,40,fugal,lower_right,inner,0,7,1.25,outer,-0.6,lower_fugal,0.2,1,23
11,304,valid,41,fugal,lower_left,outer,-1,10,1.25,inner,-0.8,lower_fugal,0.2,-1,24
11,305,valid,C,fugal,lower_left,inner,0,7,1,inner,-5,catch_trial,0.2,1,25
11,306,valid,41,uniform_control,lower_right,outer,1,12,0.75,outer,-1.19259259259259,lower_control,0.2,1,19
11,307,valid,C,petal,lower_left,inner,0,7,1,inner,-5,catch_trial,0.2,-1,18
11,308,valid,41,uniform_control,upper_right,inner,-1,6,1,outer,-2.21481481481482,upper_control,0.2,-1,22
11,309,valid,41,petal,lower_right,outer,-1,10,1,inner,-2.47407407407407,lower_petal,0.2,-1,18
11,NA,invalid,42,petal,lower_right,inner,-1,6,1,outer,-2.27407407407407,lower_petal,0.2,1,19
11,310,valid,40,fugal,upper_right,inner,0,7,0.75,outer,-0.651851851851852,upper_fugal,0.2,1,21
11,311,valid,41,fugal,upper_left,inner,1,8,0.75,outer,-0.851851851851852,upper_fugal,0.2,-1,22
11,312,valid,C,fugal,upper_right,outer,0,11,1,outer,5,catch_trial,0.2,-1,22
11,313,valid,42,fugal,lower_right,outer,0,11,1.25,outer,-0.6,lower_fugal,0.2,1,25
11,314,valid,42,uniform_control,upper_left,inner,1,8,0.75,inner,-2.41481481481482,upper_control,0.2,-1,22
11,315,valid,39,petal,upper_right,outer,0,11,1.25,inner,-2.46296296296296,upper_petal,0.2,1,25
11,316,valid,42,uniform_control,lower_right,inner,0,7,1.25,outer,-1.39259259259259,lower_control,0.2,-1,20
11,317,valid,43,uniform_control,upper_left,outer,-1,10,1.25,outer,-2.21481481481482,upper_control,0.2,1,23
11,318,valid,42,fugal,upper_right,outer,1,12,1.25,inner,-1.05185185185185,upper_fugal,0.2,-1,22
11,319,valid,C,uniform_control,lower_right,outer,0,11,1,outer,5,catch_trial,0.2,-1,20
11,320,valid,C,uniform_control,upper_left,inner,0,7,1,inner,-5,catch_trial,0.2,-1,24
11,321,valid,43,fugal,lower_left,inner,1,8,0.75,outer,-0.8,lower_fugal,0.2,-1,26
11,322,valid,40,petal,upper_left,inner,1,8,1.25,outer,-2.26296296296296,upper_petal,0.2,1,25
11,323,valid,42,petal,lower_left,inner,-1,6,1,inner,-2.27407407407407,lower_petal,0.2,1,19
11,324,valid,C,petal,upper_right,outer,0,11,1,inner,-5,catch_trial,0.2,-1,26
11,NA,invalid,41,petal,upper_right,inner,0,7,1.25,inner,-2.46296296296296,upper_petal,0.2,-1,26
11,325,valid,43,fugal,upper_left,outer,1,12,1,outer,-0.851851851851852,upper_fugal,0.2,1,23
11,326,valid,43,uniform_control,lower_left,outer,1,12,1,inner,-1.59259259259259,lower_control,0.2,-1,20
11,327,valid,41,petal,upper_left,outer,1,12,1,inner,-2.46296296296296,upper_petal,0.2,-1,26
11,328,valid,43,petal,lower_right,inner,-1,6,1,inner,-2.07407407407407,lower_petal,0.2,1,19
11,NA,invalid,42,petal,upper_right,inner,0,7,1.25,inner,-2.26296296296296,upper_petal,0.2,1,27
11,NA,invalid,42,petal,upper_right,inner,0,7,1.25,outer,-2.26296296296296,upper_petal,0.2,1,27
11,329,valid,42,petal,upper_right,inner,0,7,1.25,outer,-2.26296296296296,upper_petal,0.2,1,27
12,330,valid,44,petal,lower_left,inner,0,7,1,outer,-1.87407407407407,lower_petal,0.2,1,19
12,331,valid,44,fugal,lower_left,outer,1,12,1.25,outer,-1,lower_fugal,0.2,-1,26
12,332,valid,44,fugal,upper_right,inner,-1,6,0.75,outer,-1.05185185185185,upper_fugal,0.2,-1,24
12,333,valid,C,petal,upper_left,outer,0,11,1,outer,5,catch_trial,0.2,-1,28
12,334,valid,44,uniform_control,lower_right,outer,0,11,0.75,inner,-1.39259259259259,lower_control,0.2,1,21
12,335,valid,45,uniform_control,lower_left,outer,-1,10,1.25,inner,-1.19259259259259,lower_control,0.2,1,21
12,336,valid,C,petal,lower_right,inner,0,7,1,outer,5,catch_trial,0.2,-1,20
12,337,valid,45,fugal,lower_left,inner,0,7,1.25,outer,-1.2,lower_fugal,0.2,-1,26
12,338,valid,45,petal,lower_right,inner,1,8,0.75,outer,-2.07407407407407,lower_petal,0.2,-1,20
12,339,valid,44,uniform_control,upper_left,outer,1,12,1.25,inner,-2.41481481481482,upper_control,0.2,-1,24
12,340,valid,46,petal,lower_right,outer,1,12,1,inner,-2.27407407407407,lower_petal,0.2,-1,20
12,341,valid,43,petal,upper_left,inner,0,7,1.25,inner,-2.46296296296296,upper_petal,0.2,-1,28
12,342,valid,46,uniform_control,lower_left,inner,1,8,1.25,outer,-0.992592592592593,lower_control,0.2,1,21
12,343,valid,45,fugal,upper_right,outer,1,12,0.75,outer,-1.25185185185185,upper_fugal,0.2,-1,24
12,344,valid,C,fugal,upper_left,outer,0,11,1,outer,5,catch_trial,0.2,-1,24
12,345,valid,44,petal,upper_right,inner,-1,6,1.25,outer,-2.26296296296296,upper_petal,0.2,1,29
12,346,valid,C,uniform_control,lower_left,outer,0,11,1,inner,-5,catch_trial,0.2,-1,22
12,347,valid,C,uniform_control,upper_right,inner,0,7,1,outer,5,catch_trial,0.2,1,25
12,348,valid,45,uniform_control,upper_left,inner,-1,6,0.75,outer,-2.21481481481482,upper_control,0.2,1,25
12,349,valid,47,petal,lower_left,outer,0,11,0.75,outer,-2.07407407407407,lower_petal,0.2,1,21
12,350,valid,46,uniform_control,upper_right,inner,-1,6,0.75,outer,-2.41481481481482,upper_control,0.2,-1,26
12,351,valid,45,petal,upper_left,outer,-1,10,0.75,inner,-2.46296296296296,upper_petal,0.2,-1,30
12,352,valid,46,fugal,upper_left,outer,0,11,1.25,outer,-1.45185185185185,upper_fugal,0.2,-1,24
12,353,valid,C,fugal,lower_right,inner,0,7,1,outer,5,catch_trial,0.2,-1,26
12,354,valid,47,uniform_control,lower_right,inner,0,7,0.75,outer,-1.19259259259259,lower_control,0.2,-1,22
12,355,valid,47,uniform_control,upper_right,outer,1,12,1,inner,-2.61481481481482,upper_control,0.2,-1,26
12,356,valid,46,fugal,lower_right,outer,-1,10,1,outer,-1.4,lower_fugal,0.2,-1,26
12,357,valid,46,petal,upper_right,outer,0,11,1,inner,-2.26296296296296,upper_petal,0.2,1,31
12,358,valid,47,fugal,upper_left,inner,0,7,1.25,inner,-1.65185185185185,upper_fugal,0.2,-1,24
12,359,valid,47,fugal,lower_right,inner,0,7,0.75,inner,-1.6,lower_fugal,0.2,-1,26
